 ,x,y
0,-1.107264,2.121054
1,-0.060739,3.732001
2,7.929953,5.164517
3,-4.736669,2.316750
4,10.321235,5.120965
5,8.602446,4.420334
6,5.803760,4.578469
7,0.089057,3.756720
8,-8.865570,1.511336
9,-1.554449,2.847656
10,-6.979797,1.611174
11,8.184171,4.558695
12,4.139233,4.215794
13,-1.930517,2.546479
14,-0.139188,3.217643
15,-5.580491,2.083266
16,3.704376,2.829108
17,6.188323,4.158744
18,7.722574,4.356304
19,6.496076,3.726609
20,5.083356,3.491173
21,5.359350,4.686921
22,5.810330,3.545963
23,0.226285,3.248630
24,6.006327,3.955444
25,10.286480,4.423823
26,-0.245025,2.684334
27,5.027340,4.500264
28,2.836366,2.874174
29,4.881012,3.351878
30,12.766409,6.017303
31,14.293400,6.576624
32,7.696760,4.545881
33,5.354886,3.518690
34,3.002394,3.966194
35,-3.060378,2.429827
36,7.325373,4.467762
37,0.978917,3.160838
38,1.577599,3.508419
39,3.290881,4.068900
40,8.753187,5.295563
41,5.973125,4.516596
42,3.486042,3.804406
43,-2.733667,2.207651
44,10.098425,4.928644
45,10.493638,5.530028
46,1.488491,3.260346
47,3.899379,3.697525
48,3.898082,4.959695
49,0.197541,3.212464
50,7.144990,4.695834
51,2.936080,4.579705
52,8.747959,4.905763
53,7.333968,4.771631
54,2.382944,4.288990
55,9.512633,4.399239
56,3.049742,3.731013
57,6.558921,5.219446
58,-1.151917,2.471992
59,-2.554071,3.193275
60,0.020439,3.470378
61,0.267528,3.135175
62,7.213306,4.292826
63,1.658866,4.400404
64,4.135995,4.126289
65,11.659255,6.213634
66,4.994642,3.889433
67,7.430908,4.412148
68,1.499552,3.705671
69,1.588222,3.371442
70,-6.821075,1.710848
71,9.588806,5.585983
72,5.054831,3.655811
73,9.261376,4.749492
74,-0.239836,3.092633
75,-0.016679,2.728918
76,-1.248043,3.161006
77,2.628193,3.865667
78,6.763728,3.818300
79,3.941417,4.097860
80,1.804422,3.775077
81,-0.331990,3.554204
82,5.796831,4.145327
83,2.383231,3.075389
84,7.361657,4.946514
85,6.390257,4.822473
86,8.929608,5.407972
87,-1.045617,2.568676
88,8.814167,4.754031
89,-0.513418,3.863518
90,1.550312,3.678131
91,5.747525,4.803775
92,0.549279,2.649733
93,6.668646,4.677519
94,8.060998,4.643652
95,2.017647,3.272067
96,-1.515525,2.685491
97,3.460437,3.702089
98,2.848095,3.922433
99,-3.130527,2.213980
100,7.492524,5.294623
101,4.369940,4.038418
102,-0.463978,3.320969
103,9.214110,4.670535
104,8.230696,5.019530
105,-8.174434,1.232646
106,7.005030,4.942530
107,2.585273,3.629529
108,-0.372761,2.765679
109,2.425232,3.377659
110,4.037155,4.147781
111,7.264052,4.890846
112,1.974367,3.723107
113,7.192419,4.613431
114,4.942105,3.019803
115,7.659083,5.443010
116,14.416835,5.857621
117,5.759555,4.029144
118,3.665598,3.761294
119,0.551970,3.083609
120,2.007826,3.496665
121,4.479803,4.438133
122,-2.289540,1.485027
123,1.936734,3.624943
124,3.593169,4.697562
125,5.049447,4.031064
126,5.268846,4.054184
127,6.800565,4.765682
128,-2.894028,2.161685
129,4.464248,4.309324
130,3.049244,4.808292
131,9.302804,4.216055
132,2.657522,3.417776
133,-1.635230,2.814217
134,6.980052,5.103307
135,2.943934,3.813935
136,3.340615,3.712696
137,3.246827,3.917295
138,6.347400,4.835266
139,8.602464,4.665563
140,8.634676,4.705714
141,-1.125284,3.359379
142,-6.745893,1.761777
143,1.512618,3.892996
144,-2.158719,2.043389
145,10.390981,5.400965
146,8.730198,4.462760
147,0.784042,2.366599
148,4.325042,4.321056
149,1.931508,3.334524
150,7.691462,5.015573
151,-1.329298,3.599672
152,2.178063,4.651592
153,1.444299,3.387576
154,0.370045,3.154302
155,2.197042,3.148386
156,1.580216,3.818115
157,10.299870,5.070456
158,2.210776,4.254711
159,-4.262510,2.861789
160,6.706525,5.022092
161,5.196355,3.800688
162,4.715312,5.274111
163,3.205670,5.100506
164,0.031405,3.058732
165,6.331866,4.097810
166,11.548455,5.963864
167,-0.384592,2.563447
168,-1.317051,2.923161
169,3.905411,3.821297
170,-3.523838,2.112159
171,4.912821,4.262202
172,-1.302445,3.131009
173,7.665069,4.869873
174,0.048576,2.404777
175,9.231783,4.258594
176,-3.835677,2.983970
177,4.637505,4.344593
178,7.640701,4.496124
179,3.182147,3.803689
180,-4.920228,1.663529
181,15.081770,5.736637
182,13.439263,5.221262
183,4.798553,4.511489
184,-0.675395,3.757053
185,8.707350,5.024243
186,8.124803,4.612605
187,5.001432,3.637085
188,8.250293,3.754279
189,8.589068,4.659061
190,9.246353,5.025551
191,1.078875,3.317776
192,7.659976,5.046789
193,0.986551,3.596096
194,10.235063,5.866178
195,5.146119,4.948115
196,-3.587062,3.128932
197,4.348572,3.488711
198,2.301020,3.351346
199,14.925844,6.246389
200,0.081962,4.033796
201,-0.445982,3.147865
202,-0.791096,2.316365
203,0.800162,3.846477
204,5.890826,4.551235
205,0.465478,3.021067
206,10.503523,4.714274
207,-4.164121,2.044455
208,4.794300,4.034948
209,-5.322664,1.544041
210,4.309140,3.717513
211,5.820829,4.078888
212,2.788678,4.145686
213,-2.557534,2.326942
214,5.090445,3.836744
215,2.415312,3.848025
216,1.145103,3.115984
217,2.135551,3.405983
218,7.662257,4.420715
219,-3.176933,2.741786
220,-2.482377,3.435916
221,4.429713,4.261302
222,2.749580,3.322960
223,-0.227424,3.660176
224,0.143231,4.245906
225,4.110022,3.960822
226,5.817502,5.266931
227,7.779028,5.026742
228,-4.929801,2.532672
229,8.659801,5.218548
230,0.396227,3.561467
231,-3.000795,2.573213
232,4.838407,3.731531
233,12.459535,5.457167
234,2.217313,3.127951
235,7.685899,4.680294
236,2.945464,3.302769
237,-4.363514,1.915076
238,2.144493,3.357938
239,4.308755,3.636879
240,7.380966,4.613160
241,5.002547,3.738339
242,6.243217,4.034061
243,-0.679349,3.230159
244,6.133662,4.553768
245,7.427377,4.819600
246,7.667273,4.544715
247,7.064846,3.799974
248,-0.501802,3.287407
249,0.654034,3.001261
250,-3.141045,2.799264
251,-0.469469,3.464504
252,-0.625726,2.994344
253,11.930061,5.163156
254,-0.253245,2.527845
255,9.441544,4.821446
256,7.524231,5.000224
257,10.509493,5.118150
258,13.259083,6.291360
259,2.876330,3.252419
260,1.330820,4.042233
261,-3.705245,1.269068
262,4.637081,3.926797
263,6.386934,4.448975
264,8.664679,5.703551
265,6.605019,4.039324
266,5.955943,4.353867
267,0.260653,3.560376
268,0.230603,3.463913
269,2.506566,3.272621
270,1.004954,3.359701
271,9.192559,5.385247
272,13.021477,6.159842
273,2.820337,3.246135
274,-0.352812,2.480128
275,1.783746,3.953611
276,-2.321148,3.341854
277,9.344623,5.480036
278,7.832336,4.013242
279,6.134354,4.860193
280,1.807536,3.621486
281,11.943824,5.255253
282,-4.055087,1.696582
283,-5.839893,1.824085
284,9.981987,5.542097
285,10.455989,5.253565
286,5.427866,4.920958
287,5.843556,4.175120
288,7.799631,5.927010
289,-1.427823,3.050605
290,4.510206,4.116086
291,-3.158452,2.846488
292,2.901622,3.627672
293,-2.045069,2.510811
294,5.339939,4.774365
295,1.778576,4.759968
296,-0.358202,3.323254
297,3.820740,4.108523
298,-4.035665,2.452010
299,1.052019,3.612762
300,-2.337718,2.840232
301,4.496430,4.635568
302,8.843021,5.308903
303,3.483832,4.227831
304,0.691306,3.625538
305,5.390665,4.236262
306,-0.960192,2.398785
307,4.026489,4.385380
308,-3.918177,2.591273
309,3.994627,4.544890
310,1.898173,3.848978
311,6.526655,4.579598
312,9.688185,5.297454
313,-2.127199,2.816698
314,1.343553,1.841137
315,5.760015,4.605193
316,2.169789,3.576380
317,4.739415,4.552698
318,-2.527319,2.044905
319,3.462060,4.106398
320,6.021013,4.745619
321,0.358058,3.588965
322,3.778953,4.129388
323,0.671010,3.782030
324,-0.754862,2.355137
325,0.618435,3.236354
326,0.202482,2.972517
327,4.150330,4.282043
328,7.959335,4.195443
329,2.320318,4.322877
330,4.263099,3.981775
331,-2.061056,3.052996
332,7.804981,5.581365
333,6.515319,4.644950
334,3.237708,3.875798
335,3.936848,3.814811
336,6.305368,5.384616
337,6.097065,4.642075
338,1.912904,2.893729
339,2.211654,4.383645
340,1.374875,3.984946
341,10.683504,4.952789
342,4.193278,4.144388
343,3.336211,4.258560
344,-1.300937,3.273054
345,3.066467,3.426197
346,2.691116,3.940889
347,1.701699,4.565175
348,-3.267636,2.793551
349,-0.877688,2.977302
350,8.482529,4.883977
351,4.274925,3.472877
352,10.862644,5.106597
353,10.147768,5.510200
354,0.586507,3.442284
355,7.521802,4.951409
356,-1.233639,2.859050
357,-1.038027,3.130618
358,-1.238670,2.598660
359,3.346713,4.323905
360,1.805465,3.623510
361,6.924275,4.220974
362,8.886223,4.882002
363,-0.520380,3.210479
364,8.696965,5.125105
365,9.276053,4.830389
366,2.222918,4.090127
367,3.495457,4.785309
368,3.331775,4.413310
369,4.298931,4.027519
370,2.863136,3.884511
371,5.181983,3.616031
372,10.096234,5.038156
373,3.407034,4.236288
374,-2.657474,2.662991
375,-3.061701,2.185646
376,7.993282,4.693584
377,0.693488,3.533599
378,-0.165794,3.432740
379,5.172086,3.639494
380,-6.614902,2.773702
381,12.898723,6.145564
382,7.247548,4.520064
383,6.038807,4.492071
384,1.901735,3.967805
385,4.217898,4.170583
386,-1.085526,2.975281
387,-3.712168,2.000138
388,5.305633,3.176227
389,7.430414,5.698523
390,8.122482,4.612118
391,9.277295,5.723488
392,-8.745874,1.856971
393,9.531904,5.536319
394,-0.752094,3.351388
395,-5.073382,2.418201
396,3.594674,3.996219
397,7.007743,4.744508
398,2.903323,3.850794
399,1.846307,3.648736
400,5.271137,4.696571
401,5.593801,3.935486
402,-3.782304,2.875029
403,6.194798,4.512043
404,0.858360,4.020491
405,5.013917,3.879256
406,7.012424,4.682440
407,-7.785130,1.371078
408,4.465720,3.927070
409,9.857716,4.693815
410,11.839542,5.414415
411,9.786807,5.428729
412,1.656271,3.850341
413,4.115539,4.476002
414,6.974426,4.097916
415,8.497485,4.553973
416,4.855594,3.157716
417,5.012937,4.322939
418,2.364350,4.556600
419,1.125232,3.266762
420,-0.373977,3.196384
421,7.449392,4.441778
422,-0.686816,3.294279
423,12.234039,5.797893
424,-3.274611,2.683364
425,0.414437,2.846731
426,4.755888,4.235022
427,-3.300429,2.250855
428,2.159651,3.062709
429,-3.796819,2.805146
430,10.066581,4.947759
431,0.665434,3.274574
432,4.425931,4.565213
433,6.280519,4.043848
434,1.545435,2.955959
435,3.788690,4.130373
436,8.946172,4.827062
437,5.041828,4.749967
438,4.295178,5.138342
439,4.944387,4.295567
440,10.182742,5.612221
441,2.649641,4.285519
442,10.260064,5.019147
443,6.000739,4.690820
444,6.693925,5.610760
445,-0.844125,3.264401
446,4.181069,4.265096
447,1.063784,2.692935
448,0.376513,3.403330
449,3.758123,3.472327
450,8.399828,4.621523
451,2.354343,3.624572
452,0.270851,3.994162
453,-2.217422,2.794917
454,4.074948,4.492519
455,5.849059,4.267944
456,8.642027,4.810431
457,13.913225,6.881012
458,2.695957,4.198538
459,2.498011,3.002421
460,4.329730,3.955890
461,12.242280,6.244086
462,4.754328,3.175312
463,9.585799,5.002299
464,8.332265,4.944961
465,-4.582140,2.984432
466,5.762725,3.999451
467,14.612188,5.561277
468,9.246789,4.869674
469,1.775250,3.751911
470,-2.052357,3.039472
471,-4.236742,1.800115
472,-2.139219,2.625663
473,-7.995244,1.586604
474,19.099294,6.664871
475,5.270684,4.360578
476,7.243551,4.990018
477,5.724004,3.537356
478,6.926766,4.685208
479,6.669379,4.309940
480,4.274462,4.102274
481,-2.141101,2.702564
482,11.090680,5.991079
483,3.624648,3.475977
484,-3.226005,1.969808
485,1.945055,3.375114
486,-2.236162,3.207055
487,-3.594071,2.403458
488,0.537849,3.437951
489,2.873715,4.131917
490,11.311012,5.581662
491,2.588820,3.392925
492,13.797808,5.242564
493,2.656484,3.954067
494,2.626787,3.924018
495,6.863916,4.170119
496,1.058438,3.031021
497,1.845047,4.179970
498,-4.899435,2.881628
499,8.294156,4.374867
500,2.821026,4.223779
501,4.697534,3.362484
502,0.737706,3.133539
503,6.387533,4.128698
504,9.773668,5.200263
505,1.818306,4.337646
506,-0.306530,3.223357
507,6.556495,4.670423
508,10.955869,5.092140
509,-8.277661,1.840723
510,10.555400,4.788159
511,5.835845,3.854909
512,-2.477702,3.065226
513,7.954830,4.317976
514,-1.731598,3.414307
515,13.079645,6.204803
516,6.686123,4.097137
517,11.274248,5.276171
518,9.505842,5.185779
519,-0.030434,3.598891
520,8.390408,4.569866
521,-0.989630,2.547236
522,-3.179437,2.965412
523,8.368029,5.269084
524,0.361376,3.266175
525,9.902236,4.938015
526,5.523626,4.575710
527,-0.006095,2.782276
528,7.193404,4.670289
529,5.576483,4.222045
530,8.483827,4.368524
531,13.523362,6.442910
532,2.585335,4.332353
533,4.305593,4.247350
534,2.492328,4.487891
535,0.260152,2.998688
536,5.769033,4.408747
537,-0.378187,3.608564
538,-3.623579,2.175132
539,2.961928,3.258830
540,11.249882,5.923846
541,9.289323,4.401408
542,6.498166,4.505121
543,4.147342,4.815288
544,5.602594,4.139350
545,0.542351,2.846504
546,3.875451,4.312882
547,5.065943,4.826446
548,7.059404,4.302841
549,7.568181,4.656155
550,4.260993,5.028067
551,8.149619,4.799542
552,4.929155,4.439060
553,0.924419,3.203962
554,1.568677,5.018554
555,3.371811,4.169936
556,5.446261,3.394169
557,0.932852,2.499495
558,-0.570472,2.436825
559,4.620863,4.255983
560,13.760385,5.614719
561,2.764357,3.462894
562,1.110492,3.554373
563,2.200251,3.937684
564,-4.901828,2.141058
565,-8.230295,1.374254
566,-5.314871,2.129360
567,3.834868,3.221900
568,5.469712,5.065463
569,3.441591,3.325296
570,3.251671,3.749830
571,-2.457440,2.182056
572,9.061526,5.411090
573,1.288963,3.659057
574,10.574278,5.673757
575,6.333304,4.129275
576,2.527825,3.736955
577,1.356114,3.353095
578,7.073609,4.701267
579,0.734592,3.767947
580,-4.422956,1.760494
581,5.837403,3.751562
582,11.436763,5.525981
583,5.223435,4.366858
584,0.007377,2.836845
585,5.378674,4.920012
586,-1.996987,3.367571
587,-0.009552,3.178623
588,6.297031,4.153517
589,10.915922,5.564937
590,13.130302,5.446149
591,-0.447529,3.812531
592,0.848138,3.207039
593,7.342509,4.291368
594,-0.285195,3.415186
595,11.096875,5.491530
596,-3.920171,2.793329
597,7.368055,4.223058
598,9.537185,4.714851
599,4.035302,4.231655
600,0.416194,3.648331
601,1.208221,2.878982
602,0.335739,3.265142
603,6.168660,4.477411
604,-0.943095,3.654174
605,3.068896,4.646613
606,-4.396771,2.197637
607,1.756532,2.722176
608,7.237859,4.251489
609,3.913563,3.972243
610,4.164234,4.276432
611,3.958408,4.332872
612,2.113615,2.804592
613,-1.341509,2.482082
614,-0.302932,3.017782
615,13.799732,5.992546
616,8.315097,4.623541
617,8.216622,4.894550
618,3.615968,3.843111
619,3.971002,4.400719
620,4.218985,3.662537
621,0.919729,4.321610
622,1.001573,3.601948
623,-4.640170,2.236482
624,9.957622,5.055834
625,12.026398,5.553105
626,0.646516,3.152931
627,3.737878,4.587267
628,3.647352,4.457534
629,11.938972,5.332601
630,1.839935,3.144239
631,4.784292,3.471960
632,8.938306,4.402403
633,0.271136,2.543059
634,1.315538,2.655239
635,5.833723,4.376348
636,8.889536,4.987730
637,3.681759,4.064843
638,4.935286,4.285357
639,5.564556,3.084641
640,-0.606365,2.730164
641,5.979417,3.794193
642,-3.407651,3.192184
643,6.018959,3.749151
644,5.081986,4.769384
645,3.582576,3.401165
646,-0.988233,2.382638
647,-0.653722,3.161595
648,3.184351,3.975482
649,10.124992,5.563931
650,3.548910,3.887151
651,11.245861,5.834817
652,5.877318,4.426038
653,3.747606,3.377560
654,9.861937,5.543641
655,11.064693,5.994116
656,12.315171,5.660588
657,-5.199820,2.196604
658,6.797241,4.877321
659,4.652786,3.354062
660,7.422437,4.915514
661,2.216899,3.124685
662,4.091744,4.005757
663,1.799259,3.161770
664,4.270768,4.029950
665,0.546141,3.564317
666,-9.845895,1.310307
667,9.314927,4.815752
668,2.275273,4.078394
669,5.982393,4.697003
670,8.296088,4.302598
671,-3.514020,1.957391
672,0.723877,2.637000
673,2.173890,3.312016
674,3.354837,3.972623
675,3.611136,4.573047
676,0.751136,3.101427
677,-1.023143,3.478605
678,3.423592,4.406880
679,4.896133,3.879823
680,4.497134,3.360401
681,5.779258,4.020618
682,2.592513,3.293996
683,11.090999,6.052042
684,9.585436,4.754419
685,2.196475,3.788309
686,2.523569,3.783508
687,2.428719,3.042038
688,10.125520,5.145590
689,9.708027,4.936106
690,4.542626,4.125926
691,6.703963,3.885135
692,-0.015546,3.445819
693,12.141435,5.886642
694,-2.358618,1.551875
695,7.512370,5.079477
696,0.923827,3.476959
697,7.347086,5.185787
698,-8.253708,1.446574
699,0.085412,1.980796
700,7.203512,4.854263
701,3.437592,3.427091
702,2.778591,3.214276
703,5.945688,3.849909
704,7.266047,4.643851
705,6.042982,4.789471
706,7.384142,4.476111
707,2.370981,3.412663
708,6.859443,5.235957
709,3.133899,3.079643
710,9.825511,5.439143
711,0.842101,3.321784
712,-2.696186,2.801458
713,-3.384148,3.000315
714,6.040487,4.865990
715,-4.589853,2.311345
716,-0.072362,3.495416
717,3.095701,4.242768
718,5.142901,4.193698
719,4.569031,4.217971
720,3.208891,2.894829
721,2.996269,3.516852
722,13.740184,6.178823
723,11.021653,4.531907
724,-5.062371,1.469193
725,5.013805,3.884495
726,-0.063444,3.535786
727,-5.000421,2.034137
728,9.553201,4.785047
729,2.239358,3.254558
730,8.040453,4.347546
731,4.827760,4.394195
732,8.478534,4.541252
733,9.150978,5.055604
734,2.661078,3.874838
735,-2.291492,3.424124
736,4.174251,4.620634
737,-7.024635,1.758168
738,-0.655182,3.577032
739,-0.991731,2.312681
740,7.706416,5.043912
741,7.485384,4.261578
742,3.424190,3.960727
743,6.180850,4.743790
744,-2.839234,3.402333
745,6.407474,3.712583
746,14.771454,6.283908
747,-1.391366,3.256129
748,0.434901,3.255411
749,1.936913,4.341152
750,6.091997,3.734771
751,0.703428,3.465308
752,7.538362,5.058980
753,2.576371,3.761323
754,-4.782617,2.194328
755,12.622395,5.543346
756,10.950775,5.596582
757,5.721954,4.285843
758,7.400131,4.353853
759,5.102634,4.116946
760,1.165059,3.542326
761,10.246049,5.243588
762,2.689966,3.851875
763,2.574850,4.222256
764,4.668216,4.614489
765,4.266411,4.271113
766,4.694428,3.311359
767,1.181194,3.517815
768,-1.609280,3.233085
769,5.652815,4.161831
770,-3.764547,3.728563
771,8.894222,5.361009
772,9.544895,5.708115
773,-4.724267,1.952240
774,0.982171,3.572239
775,4.036851,3.459547
776,7.726260,4.145022
777,1.573320,3.491773
778,9.431412,5.089573
779,-3.962048,2.683875
780,-0.661092,2.327917
781,9.000676,3.722151
782,6.065722,4.146241
783,16.380017,7.249713
784,1.164132,3.303998
785,-4.404575,2.621020
786,8.506193,5.583177
787,6.174189,4.459567
788,9.483714,5.259399
789,2.179287,3.335644
790,2.423568,4.382962
791,-0.422477,2.737674
792,7.855654,4.254516
793,0.859545,3.944692
794,2.385548,3.561584
795,3.581386,4.384564
796,4.789722,4.206034
797,-3.015249,2.596609
798,5.742015,4.677752
799,-1.730165,3.240532
800,2.969409,3.565768
801,1.234627,3.642854
802,5.361428,4.005459
803,-4.742522,2.907537
804,4.786004,4.526505
805,9.904621,4.705199
806,-1.212572,3.585892
807,6.604477,4.610091
808,0.592313,3.545878
809,8.448567,4.870403
810,2.942650,3.830462
811,-9.374907,1.359312
812,1.906411,3.191785
813,6.457318,4.818178
814,2.765136,3.258539
815,0.349026,3.985576
816,2.092194,3.594578
817,4.236967,3.924257
818,5.330189,4.946373
819,13.084401,6.153608
820,5.845218,4.258972
821,5.288468,4.664456
822,-2.672080,1.829177
823,-6.743049,1.527298
824,9.241128,5.107916
825,4.615340,4.680617
826,1.798483,4.102806
827,8.681580,5.489929
828,3.285923,3.583215
829,12.556015,5.540605
830,0.358329,3.674766
831,9.929054,5.413819
832,1.372117,3.005203
833,3.880254,4.086777
834,5.797518,4.275610
835,-1.528461,2.907152
836,0.643682,3.429117
837,4.770921,3.991506
838,6.680212,4.568231
839,8.717087,4.276569
840,11.775520,6.397045
841,4.606633,3.722734
842,2.271486,2.144815
843,2.957441,3.978833
844,1.131054,2.805535
845,2.083492,3.019399
846,4.353575,4.303470
847,-0.171852,3.834864
848,1.026306,3.527530
849,9.131277,4.306123
850,-0.926824,3.320745
851,-2.125673,2.798457
852,6.929952,4.007899
853,-2.156872,2.917729
854,8.370417,4.319353
855,-2.189850,2.516359
856,5.539535,4.797376
857,2.898091,3.744955
858,8.635905,5.718938
859,5.240442,4.574505
860,8.427788,4.704532
861,13.004711,5.737406
862,0.320720,3.121361
863,9.668977,5.178218
864,6.234768,4.389403
865,6.303012,4.168302
866,-8.528772,0.581755
867,0.565798,2.809263
868,4.163392,4.319790
869,4.849261,4.425942
870,0.291906,3.368127
871,2.667238,3.918442
872,2.410355,3.493016
873,2.861701,3.469037
874,8.449219,5.036801
875,0.760144,3.720314
876,-6.228049,1.364139
877,6.839597,4.985844
878,3.719583,3.745264
879,-1.150137,2.632176
880,7.431618,4.416723
881,8.659910,4.335426
882,2.863296,3.322967
883,-1.083238,2.958305
884,10.953451,5.232640
885,-2.276796,3.381472
886,3.170677,4.442817
887,-0.509362,3.063687
888,4.264455,4.672937
889,6.665766,4.335119
890,1.433109,3.545350
891,-1.819685,2.993388
892,11.205251,5.381002
893,5.539782,3.656261
894,-7.639601,1.619065
895,5.669544,4.220845
896,1.983974,3.520231
897,-1.922119,2.110321
898,5.422892,4.287755
899,6.128082,4.540420
900,4.633118,4.144680
901,-0.326213,2.969547
902,2.701975,4.220789
903,5.000313,4.572245
904,7.544821,5.287146
905,7.336519,3.911448
906,7.236414,4.931376
907,6.364739,4.495489
908,1.785220,3.795468
909,3.457157,4.145186
910,-0.408963,3.795504
911,-2.222451,3.450419
912,6.399999,4.962044
913,8.008595,4.457285
914,-2.586928,3.115566
915,-2.682825,3.189800
916,4.091913,3.129349
917,8.539214,4.791438
918,4.555459,2.839609
919,9.150321,4.716282
920,4.615116,4.149296
921,6.777261,4.004268
922,0.627853,3.442488
923,2.618876,3.673330
924,4.788681,4.660873
925,-3.997879,2.267593
926,2.213681,2.890431
927,7.113314,5.203581
928,9.384083,4.936004
929,2.454918,3.598938
930,6.590356,4.411324
931,3.844666,3.925644
932,6.479630,4.308062
933,-1.995591,3.399200
934,5.145486,4.027024
935,-0.814528,2.763537
936,-2.097384,3.167326
937,-7.153779,1.780806
938,2.440910,4.206728
939,10.104813,4.345010
940,2.066501,3.099839
941,6.367959,4.635921
942,1.641628,3.052143
943,0.280282,3.904590
944,6.683600,4.966163
945,7.464450,3.898110
946,3.125961,3.375241
947,6.925275,4.368546
948,0.992653,2.605104
949,9.409860,4.720662
950,2.859348,3.287200
951,12.132269,5.320515
952,-4.781143,3.423851
953,2.854797,3.235431
954,-1.308718,3.522347
955,3.826646,4.298998
956,9.225125,5.545894
957,-2.085922,2.366000
958,-2.904820,2.253906
959,7.348079,4.650526
960,5.520479,4.182014
961,0.055909,2.962178
962,0.644035,3.329100
963,-1.477902,2.413433
964,8.599452,4.543300
965,4.452589,4.400666
966,9.405328,4.708753
967,4.734849,3.446036
968,6.429595,4.213228
969,-1.209303,2.641936
970,10.367194,5.223810
971,6.141550,5.102813
972,-0.074907,3.223036
973,3.500863,3.774830
974,7.615058,5.071468
975,0.003502,3.341653
976,1.993603,2.970651
977,-0.035788,2.805529
978,5.163701,4.790948
979,5.137449,4.591470
980,-0.130784,2.629967
981,-1.584384,2.898788
982,1.372690,2.117037
983,7.617197,4.549591
984,4.147450,3.671331
985,4.287254,3.378962
986,-3.285471,1.485514
987,9.836503,5.655986
988,15.326471,6.399840
989,14.760596,6.505097
990,-0.280307,2.722383
991,2.631897,3.733704
992,0.891309,3.569897
993,1.256581,3.410609
994,6.008238,3.640204
995,5.228686,4.202474
996,1.945761,3.020108
997,-5.104486,1.961648
998,4.533695,3.517082
999,4.217585,3.882114
1000,30.515257,35.935621
1001,32.480015,30.457689
1002,36.118392,31.460317
1003,37.999195,31.714149
1004,28.404324,26.553152
1005,25.895655,25.608129
1006,33.050232,25.694274
1007,37.818429,35.698642
1008,39.311917,40.010133
1009,29.300499,28.789514
1010,35.318912,34.113518
1011,39.212539,40.373131
1012,28.041973,29.761556
1013,26.110994,31.551232
1014,37.100617,33.355053
1015,32.029066,33.927410
1016,24.875710,19.524486
1017,31.299963,28.653008
1018,23.786678,26.485664
1019,29.185687,34.921790
1020,30.020781,31.141116
1021,21.500332,27.053251
1022,30.019814,25.541768
1023,35.007641,26.788563
1024,28.984596,28.538798
1025,30.288680,33.766455
1026,30.955913,28.869929
1027,27.384935,27.786970
1028,34.627921,34.345662
1029,34.346962,30.223156
1030,28.413168,29.783896
1031,30.885331,28.967161
1032,31.564095,27.663979
1033,34.124613,32.910485
1034,31.635628,31.817596
1035,24.789774,32.929830
1036,29.707112,32.121235
1037,30.961550,23.744021
1038,36.388832,34.507914
1039,32.523765,31.794938
1040,31.900005,30.954965
1041,36.576105,33.448123
1042,25.521217,27.529962
1043,42.399142,32.691220
1044,38.074628,32.103884
1045,38.860809,35.143808
1046,29.118390,25.267414
1047,28.731725,27.419758
1048,27.032960,26.688263
1049,33.007788,33.305680
1050,21.377009,25.098004
1051,20.987494,26.600126
1052,30.409505,25.527088
1053,31.050268,28.492764
1054,34.989979,29.151426
1055,31.244723,23.595298
1056,31.262531,34.545128
1057,28.577326,26.285383
1058,34.320435,31.466897
1059,28.142715,32.091869
1060,33.344141,30.175385
1061,34.313627,33.311923
1062,34.023595,30.155355
1063,36.571758,24.519851
1064,36.748890,39.358204
1065,34.080825,33.366872
1066,30.030656,27.151753
1067,25.274630,24.131233
1068,31.065347,33.817757
1069,34.242244,28.882456
1070,36.589630,34.710125
1071,25.314522,26.462857
1072,26.710902,23.418827
1073,29.883518,31.208261
1074,26.489486,32.596630
1075,25.268253,25.419251
1076,32.218599,32.253500
1077,36.155266,31.777578
1078,27.208300,28.924747
1079,33.169681,35.604053
1080,36.224935,30.551822
1081,26.831559,29.486489
1082,28.828481,36.231961
1083,33.546772,29.568156
1084,33.899358,32.833854
1085,34.110883,33.085800
1086,29.545169,31.312618
1087,25.757513,24.172458
1088,33.036193,34.007770
1089,22.984096,25.024093
1090,25.580364,28.051810
1091,32.864977,28.382125
1092,18.650644,27.288074
1093,30.605783,29.722723
1094,21.929391,26.293078
1095,35.267258,25.875300
1096,29.009153,25.816262
1097,31.865306,31.707554
1098,28.312262,33.011694
1099,40.315800,31.763058
1100,39.418228,34.046323
1101,24.636984,26.034429
1102,34.267362,31.152363
1103,29.079839,31.910933
1104,23.056446,27.826722
1105,28.054420,30.155609
1106,22.070246,23.301766
1107,27.523789,30.767121
1108,26.690778,29.647984
1109,27.416849,28.859128
1110,30.316001,32.716217
1111,34.187786,31.795564
1112,26.677787,29.373416
1113,28.199896,27.734311
1114,27.797881,31.002967
1115,32.670416,31.978077
1116,36.367607,32.331794
1117,30.870278,28.277055
1118,38.785103,39.848309
1119,35.039236,32.912062
1120,31.412495,35.688229
1121,31.124434,33.937296
1122,29.592501,31.032789
1123,30.409460,28.570376
1124,32.480834,33.809980
1125,30.126518,27.437262
1126,33.840529,29.079455
1127,35.727948,30.510982
1128,29.497041,25.207997
1129,26.351100,32.595247
1130,21.717302,23.415590
1131,32.450222,28.983236
1132,28.317430,33.592380
1133,32.300265,30.168031
1134,37.315663,35.450643
1135,27.809246,29.607969
1136,25.322405,28.564979
1137,27.206107,29.515314
1138,26.787292,23.225541
1139,33.187611,34.456704
1140,32.802738,30.277576
1141,25.329714,26.461615
1142,26.870318,27.096580
1143,36.333961,32.264745
1144,32.113627,37.898577
1145,26.080394,31.458175
1146,31.929620,33.887451
1147,30.831397,29.827033
1148,40.224516,37.510394
1149,26.616980,31.391182
1150,22.887842,25.006693
1151,30.556771,30.797535
1152,34.249882,28.537100
1153,22.543477,26.158742
1154,41.227476,35.766222
1155,33.838470,34.505877
1156,29.654719,34.904410
1157,31.183584,30.590799
1158,30.151509,27.464753
1159,32.559507,33.352385
1160,29.426945,26.739664
1161,34.514116,28.787768
1162,24.550100,27.300612
1163,27.974535,29.683427
1164,36.934631,35.024222
1165,28.500174,29.176372
1166,24.217395,25.332714
1167,23.230578,25.527187
1168,23.727252,25.646030
1169,31.765618,32.229118
1170,33.004502,29.579884
1171,32.315619,35.562627
1172,30.768292,30.062362
1173,26.419527,22.481369
1174,26.400106,31.522027
1175,23.503388,25.045252
1176,31.900093,32.820967
1177,34.934207,32.851958
1178,35.812126,31.995593
1179,37.688145,30.298503
1180,23.435527,28.739638
1181,28.596902,28.217649
1182,31.423368,27.213769
1183,36.622727,34.178704
1184,36.247379,32.586091
1185,31.435444,26.681531
1186,29.335994,36.115215
1187,29.934755,30.086006
1188,27.082161,29.343099
1189,30.457128,28.182068
1190,28.143980,29.777842
1191,31.716294,32.566254
1192,31.687856,32.008153
1193,36.853508,35.171036
1194,20.657344,24.763600
1195,30.662181,31.150371
1196,29.418879,25.540311
1197,26.277154,27.774282
1198,25.438885,26.164350
1199,31.674307,34.055688
1200,33.830926,30.438735
1201,29.188504,30.716185
1202,37.774668,34.966009
1203,31.073157,31.212725
1204,29.270581,27.915664
1205,33.647829,31.048937
1206,23.017927,27.248481
1207,25.241419,34.111575
1208,30.962921,29.331556
1209,34.592263,34.827675
1210,31.187927,31.547938
1211,28.417537,28.089819
1212,29.292122,31.311284
1213,32.999686,33.919093
1214,27.223270,26.234625
1215,26.973589,28.176608
1216,24.390671,23.610733
1217,37.396433,37.380535
1218,29.541867,31.740725
1219,29.450823,31.747424
1220,31.037692,33.834394
1221,30.096046,31.023451
1222,26.942758,23.542510
1223,29.082916,25.624631
1224,27.724046,25.712761
1225,38.111489,30.276237
1226,27.808690,30.172310
1227,36.575612,34.272319
1228,39.722553,35.625811
1229,29.519612,29.083228
1230,33.510752,30.398907
1231,35.309755,29.751143
1232,35.261114,32.205773
1233,28.656684,29.481084
1234,40.494044,32.720798
1235,27.705969,31.116932
1236,29.097470,29.423697
1237,24.574959,26.773323
1238,29.031872,33.386690
1239,38.179456,34.910630
1240,28.125093,26.141597
1241,24.911974,27.439910
1242,32.000659,32.287932
1243,26.287825,28.282769
1244,29.982260,29.486643
1245,28.707045,29.545199
1246,16.831761,23.184419
1247,27.386730,31.623461
1248,29.304943,31.628323
1249,26.643963,27.086887
1250,14.579802,24.202917
1251,33.909416,33.206283
1252,24.157517,26.312747
1253,34.141283,35.725775
1254,29.080923,33.795577
1255,27.124697,28.203381
1256,23.259217,27.616302
1257,26.496229,25.503503
1258,19.482003,23.783001
1259,26.096142,32.728379
1260,27.837601,31.040671
1261,30.521275,30.919016
1262,37.434725,29.636729
1263,31.982404,28.805423
1264,30.460394,26.124078
1265,40.026843,35.079625
1266,31.528219,29.955657
1267,26.507120,32.801480
1268,38.970962,38.151777
1269,25.779049,24.758297
1270,27.628351,28.498686
1271,30.758523,29.094553
1272,25.209705,27.882748
1273,27.382467,29.505653
1274,34.912052,33.708535
1275,28.162442,31.297539
1276,39.645211,37.765691
1277,36.714070,35.862576
1278,31.159256,27.507976
1279,36.563912,31.601646
1280,32.955763,35.545942
1281,27.069703,30.323498
1282,28.734709,32.337418
1283,33.869064,37.744534
1284,28.534465,34.254979
1285,23.608203,23.745557
1286,25.064016,25.706850
1287,21.821174,27.879075
1288,29.256565,32.132564
1289,21.151246,26.682293
1290,30.637161,29.524342
1291,24.612742,28.372223
1292,28.038810,29.796269
1293,28.419737,27.237425
1294,36.994309,34.273302
1295,30.365510,27.700697
1296,34.745768,32.919851
1297,36.063646,30.826660
1298,23.557900,28.911033
1299,28.330604,28.448300
1300,27.261419,28.545976
1301,29.309503,26.057651
1302,33.176304,31.960109
1303,38.225781,30.780167
1304,32.409687,35.066441
1305,27.496707,31.869190
1306,25.751025,28.827268
1307,17.020749,20.206210
1308,31.581778,28.356849
1309,32.516721,29.825847
1310,31.744367,30.712895
1311,27.109432,28.532050
1312,23.494159,26.500200
1313,36.622087,37.903811
1314,30.085831,25.121311
1315,25.547910,24.079132
1316,28.325102,31.257526
1317,27.855442,28.072712
1318,39.079646,39.374007
1319,26.776139,24.647325
1320,32.671630,33.559173
1321,26.026897,31.508179
1322,29.177802,32.257519
1323,26.463396,27.594866
1324,35.910368,34.086857
1325,37.365390,39.991376
1326,27.347034,28.636956
1327,21.118176,26.819001
1328,35.633642,33.394211
1329,30.808007,27.488391
1330,35.473784,36.741252
1331,35.552428,33.168899
1332,27.790507,25.550969
1333,37.819191,32.586758
1334,26.166916,29.582231
1335,24.923760,28.672128
1336,31.023746,30.019565
1337,27.799613,31.812006
1338,30.217694,29.038952
1339,26.921069,29.823305
1340,26.470514,27.095577
1341,25.237056,30.415723
1342,31.930881,31.186738
1343,29.033138,29.805801
1344,25.295953,35.051699
1345,33.009445,32.453055
1346,25.844677,28.190857
1347,29.761060,28.908310
1348,32.012070,29.902093
1349,32.433525,32.502779
1350,28.123570,27.220272
1351,23.530923,27.976874
1352,30.734509,31.670430
1353,22.945862,27.478534
1354,27.573400,25.881688
1355,24.662252,26.675776
1356,31.212464,31.759625
1357,29.861447,29.822328
1358,33.450546,33.662611
1359,40.067375,37.435855
1360,28.853707,34.058247
1361,24.292380,25.099605
1362,27.390468,31.744743
1363,41.893472,30.915285
1364,31.759081,29.107351
1365,32.967102,25.152543
1366,30.729482,31.916112
1367,22.758722,28.746121
1368,34.577961,29.955077
1369,27.240323,31.854778
1370,35.357213,35.881793
1371,25.501032,28.516798
1372,34.499307,35.432751
1373,32.629165,39.972219
1374,29.477619,23.459420
1375,34.029119,36.375085
1376,21.262641,28.894441
1377,38.066272,31.321512
1378,32.414189,28.777642
1379,33.595819,30.924141
1380,29.943143,29.088526
1381,28.238355,31.925176
1382,33.167845,32.523560
1383,35.613649,31.417868
1384,38.360784,38.860597
1385,33.443736,34.715597
1386,26.928281,28.650046
1387,29.787350,28.752958
1388,35.276198,29.120836
1389,33.335416,33.970009
1390,32.703804,30.406345
1391,37.599447,30.031529
1392,28.404993,27.315675
1393,30.381749,32.582905
1394,29.406716,28.340204
1395,30.542268,32.488706
1396,21.481078,26.655677
1397,29.412736,31.394454
1398,25.309174,29.238830
1399,26.263283,30.039915
1400,28.714738,30.335545
1401,24.239188,25.045851
1402,26.353495,28.389305
1403,28.411056,28.451192
1404,29.808727,27.041317
1405,32.465726,32.753841
1406,35.551087,32.204629
1407,27.186218,33.809406
1408,32.690980,33.889133
1409,32.552136,37.346923
1410,23.815480,24.742682
1411,31.231777,30.892061
1412,31.773741,38.767186
1413,30.645948,28.551358
1414,31.568164,33.343036
1415,24.044407,23.162243
1416,30.404667,26.422290
1417,19.348459,23.379637
1418,32.341796,32.105330
1419,25.363773,24.346856
1420,28.773686,30.901321
1421,30.456714,33.484784
1422,25.328815,27.504757
1423,29.528069,28.223993
1424,32.910207,28.002690
1425,34.730015,33.041158
1426,26.975887,24.867586
1427,13.140817,20.986004
1428,28.235419,27.435535
1429,31.180387,29.632103
1430,36.347080,32.626997
1431,28.773417,27.418322
1432,40.107652,33.174872
1433,26.557216,28.995416
1434,31.262170,31.021082
1435,29.876241,26.645452
1436,32.481750,31.227994
1437,32.644840,33.072190
1438,31.364227,34.157646
1439,33.956274,35.529779
1440,28.836105,31.829635
1441,23.635315,29.972446
1442,32.655127,32.319996
1443,30.619682,27.642441
1444,24.331051,28.684931
1445,28.545019,23.293832
1446,25.842834,30.466746
1447,32.582550,34.127691
1448,33.621506,31.537179
1449,37.172795,32.684073
1450,37.828571,32.527991
1451,33.267749,30.925112
1452,23.524185,21.452141
1453,27.084357,29.688067
1454,26.417041,28.079628
1455,33.097183,29.952077
1456,34.530199,32.934164
1457,33.555216,35.814481
1458,38.504187,36.214012
1459,19.851486,23.266583
1460,27.718696,26.481441
1461,27.159355,27.989883
1462,28.936507,31.592814
1463,32.242244,29.066352
1464,34.313701,36.371220
1465,27.988640,26.813047
1466,35.676050,29.789700
1467,26.753555,34.964972
1468,30.678119,28.332868
1469,33.379691,29.051849
1470,33.539528,28.949599
1471,22.907110,26.189572
1472,33.747613,30.898785
1473,33.371476,33.242621
1474,28.616802,30.422910
1475,30.294181,29.706230
1476,37.065716,29.333782
1477,24.070660,29.563506
1478,31.488469,28.158241
1479,24.676016,28.910727
1480,30.900868,30.205057
1481,35.860566,33.850318
1482,33.580383,34.702608
1483,33.716334,31.481457
1484,34.970674,33.418428
1485,37.246426,31.162641
1486,31.066007,32.644929
1487,38.611785,35.839733
1488,34.871450,30.047871
1489,39.040467,31.004773
1490,24.127634,28.832155
1491,24.763519,30.899911
1492,22.789412,33.092345
1493,26.942298,28.632144
1494,30.673376,29.306933
1495,27.652704,30.559826
1496,34.134049,33.736128
1497,34.962801,30.108913
1498,31.339838,30.284380
1499,35.103449,30.387576
1500,29.736538,28.195687
1501,38.926166,35.131042
1502,29.600047,26.874424
1503,30.055192,27.054997
1504,21.102062,28.139589
1505,32.280690,29.622163
1506,28.634312,28.156099
1507,36.360272,33.886425
1508,34.810303,31.834182
1509,32.897738,29.903301
1510,32.859574,30.666716
1511,30.898496,32.179307
1512,29.822726,29.223311
1513,28.066011,30.185328
1514,26.064969,24.924769
1515,18.387844,27.463783
1516,26.523189,26.009465
1517,29.898577,28.848280
1518,28.688315,27.669586
1519,28.655996,29.059018
1520,37.655295,34.220302
1521,29.709910,27.426206
1522,33.918365,30.917269
1523,37.353472,32.186057
1524,24.979569,22.883437
1525,33.201184,34.384573
1526,27.297204,28.337216
1527,30.515271,31.211882
1528,22.488063,23.251757
1529,27.649450,25.318768
1530,38.720551,37.536046
1531,41.452552,37.280506
1532,37.669162,27.850602
1533,31.548334,29.065208
1534,36.425915,38.097380
1535,25.561749,26.366839
1536,29.585828,35.062079
1537,27.534451,23.285633
1538,31.818149,30.463875
1539,27.884213,33.619941
1540,34.130507,35.887702
1541,28.231641,29.915661
1542,33.978274,34.301960
1543,37.100971,37.420919
1544,24.110120,32.349325
1545,26.878567,26.756284
1546,26.590415,28.621008
1547,40.747020,35.697303
1548,35.211750,32.169205
1549,27.449657,28.499023
1550,31.103194,28.441073
1551,31.595079,30.084722
1552,27.513267,32.276409
1553,30.834334,31.625899
1554,31.015223,28.606529
1555,15.529278,23.425745
1556,25.979403,24.692458
1557,36.956021,31.753730
1558,30.899110,32.202540
1559,30.328161,29.363577
1560,31.659355,37.398443
1561,25.303527,25.893694
1562,35.791531,33.348337
1563,29.679901,31.146633
1564,27.814145,29.269874
1565,30.719097,33.736653
1566,36.859716,33.167997
1567,31.305516,33.229714
1568,36.115084,31.754392
1569,32.392983,27.525198
1570,31.917882,30.742115
1571,32.589611,31.565325
1572,27.840064,32.538899
1573,30.948667,27.081189
1574,25.193861,26.881932
1575,27.208707,29.339037
1576,31.843085,30.584878
1577,26.060174,28.746062
1578,38.122664,34.680920
1579,28.401344,27.832865
1580,37.180380,31.723311
1581,25.571430,31.249147
1582,30.550921,32.845340
1583,28.484746,29.946295
1584,24.156083,28.413300
1585,28.401885,27.317796
1586,23.407148,28.363404
1587,27.308168,30.871797
1588,19.750174,23.635105
1589,36.584734,35.445699
1590,29.957991,26.692071
1591,27.047494,27.168528
1592,29.698283,29.659149
1593,23.340537,28.320725
1594,34.592533,28.619920
1595,32.191897,28.317345
1596,27.664538,28.324833
1597,25.902636,28.776039
1598,29.261666,30.040212
1599,38.666268,34.908968
1600,30.245431,30.511378
1601,31.789991,24.926252
1602,32.532182,30.111178
1603,35.893885,32.676485
1604,32.618889,27.246523
1605,33.881974,29.880138
1606,28.944362,29.052411
1607,25.473685,35.661862
1608,43.003325,39.529714
1609,32.053991,30.030364
1610,33.312247,32.460849
1611,33.924848,30.202645
1612,30.561060,31.645302
1613,31.018937,30.242731
1614,30.089827,29.127305
1615,28.008835,26.637123
1616,28.490288,31.047613
1617,24.648015,29.556158
1618,37.939848,31.132376
1619,35.093691,32.227835
1620,31.605612,34.473196
1621,32.611016,33.164376
1622,31.917616,31.021192
1623,28.458200,28.434417
1624,32.152406,33.705558
1625,26.434105,29.608102
1626,21.933577,23.710740
1627,41.810975,35.507128
1628,22.695616,26.949759
1629,31.014394,33.862170
1630,29.189880,27.869978
1631,27.731779,25.046076
1632,35.440197,30.505320
1633,29.164997,29.232651
1634,30.895021,36.777242
1635,35.947708,31.072619
1636,27.119222,27.238069
1637,30.200694,33.105533
1638,21.840311,29.125421
1639,33.583809,33.157262
1640,26.503089,29.506285
1641,25.745199,27.860591
1642,25.204709,30.099298
1643,31.145556,32.542153
1644,29.840697,29.226598
1645,31.896540,32.335121
1646,28.015030,24.646952
1647,31.882691,30.734730
1648,26.554920,30.256910
1649,32.947102,29.646249
1650,30.458711,32.199688
1651,28.989329,27.533396
1652,19.693809,24.374586
1653,21.687585,24.138619
1654,29.045998,29.381100
1655,34.342743,36.503208
1656,31.477036,30.408044
1657,29.149604,27.836832
1658,31.679283,27.614398
1659,28.364032,28.506411
1660,31.595335,30.256398
1661,27.345757,28.666044
1662,28.673667,29.944891
1663,29.255232,30.357578
1664,27.252282,32.794022
1665,29.652712,30.539844
1666,27.255421,26.626355
1667,31.958510,30.251806
1668,33.041773,33.763449
1669,25.931704,27.953378
1670,25.464683,31.341365
1671,17.355009,23.092488
1672,26.132593,31.448234
1673,29.497169,30.266673
1674,33.636490,28.148948
1675,23.203400,26.660719
1676,33.669840,32.452576
1677,31.655481,32.755051
1678,25.877042,29.211487
1679,27.074741,31.306679
1680,33.121356,31.051137
1681,27.908931,24.482824
1682,23.291500,24.249720
1683,31.151757,29.574232
1684,32.891066,32.405008
1685,22.281835,22.046516
1686,31.734999,26.607963
1687,29.643382,31.247966
1688,26.321642,25.767283
1689,25.585813,30.690073
1690,29.641010,30.388588
1691,28.562765,27.710397
1692,19.938933,20.773886
1693,18.986783,24.301910
1694,30.220330,30.638175
1695,29.259770,27.898047
1696,23.093146,27.699495
1697,19.683454,25.071326
1698,32.392028,26.327420
1699,33.349712,34.657256
1700,26.651875,28.362337
1701,29.899031,32.764799
1702,22.432599,25.827414
1703,34.665014,34.374468
1704,20.016708,22.344142
1705,32.155247,32.106435
1706,26.618983,30.976618
1707,32.527866,33.683644
1708,25.393327,31.594353
1709,31.429893,33.979727
1710,30.270220,35.282526
1711,22.646579,31.747363
1712,36.984802,33.911387
1713,30.673133,33.833637
1714,34.970358,30.732535
1715,24.989329,31.322073
1716,30.044221,31.356927
1717,26.145173,26.475785
1718,29.993410,28.233677
1719,32.463689,36.967537
1720,31.685979,35.741747
1721,33.443204,32.727187
1722,27.647502,26.649363
1723,32.955945,34.150862
1724,30.466490,35.142699
1725,31.979205,33.593885
1726,34.526181,28.704709
1727,27.297097,27.300485
1728,31.752360,31.863773
1729,30.460382,22.652276
1730,41.011886,39.251705
1731,24.869375,31.186192
1732,32.982610,29.600476
1733,17.843813,22.880612
1734,24.905782,25.564201
1735,33.223131,30.447871
1736,30.222622,30.539585
1737,27.114646,28.186554
1738,31.097469,28.630809
1739,26.976452,30.565869
1740,24.418116,24.838372
1741,39.410536,37.352850
1742,36.587311,32.515802
1743,33.837100,33.043992
1744,26.326963,26.432685
1745,42.881164,34.565415
1746,30.539480,31.336781
1747,27.108341,29.732804
1748,28.464533,28.047835
1749,22.567683,23.979884
1750,24.339374,27.949112
1751,33.487596,27.664243
1752,28.235782,26.648558
1753,20.242033,24.652525
1754,29.958009,32.353837
1755,25.550810,26.507174
1756,32.904658,34.060091
1757,36.619680,37.124896
1758,28.298475,28.556053
1759,34.027257,30.529400
1760,28.714812,30.629910
1761,37.695051,34.347209
1762,23.653202,24.548699
1763,33.925780,32.562120
1764,25.714903,24.790111
1765,29.639433,30.602306
1766,31.594865,32.353216
1767,32.601089,32.222631
1768,29.646272,31.413336
1769,28.934905,31.191854
1770,27.015196,25.886280
1771,24.642458,25.479790
1772,36.110217,32.186869
1773,28.879140,31.911419
1774,29.902716,25.504745
1775,24.684769,27.281734
1776,33.519858,32.884967
1777,36.933546,26.293004
1778,26.843286,31.892859
1779,29.242321,34.342033
1780,25.117636,25.832143
1781,34.587292,31.680925
1782,33.689116,31.104852
1783,31.468203,32.518328
1784,35.054025,33.406476
1785,20.904162,26.370304
1786,29.429948,30.315890
1787,28.006198,30.723377
1788,23.586110,27.702107
1789,25.116441,28.855349
1790,25.870635,30.594405
1791,30.035871,32.049572
1792,28.097913,22.933939
1793,30.728167,29.903368
1794,28.818586,23.309886
1795,35.598524,34.623100
1796,20.950846,24.106667
1797,30.212057,32.431604
1798,26.804719,28.136838
1799,34.661585,34.870382
1800,32.471255,31.230009
1801,25.679327,28.337606
1802,28.340527,25.417762
1803,36.223020,30.448313
1804,27.217023,29.264708
1805,24.400337,31.023521
1806,34.470859,35.308265
1807,30.288257,27.446769
1808,31.447549,32.527366
1809,25.409173,28.267377
1810,30.048933,31.039141
1811,20.810697,25.182806
1812,33.314499,32.906344
1813,28.040876,28.113845
1814,27.682857,30.246865
1815,31.435388,30.734883
1816,28.737814,27.544022
1817,35.817154,36.739455
1818,33.991665,30.985690
1819,33.456849,32.438598
1820,31.282216,30.205522
1821,28.836470,30.397354
1822,24.693511,26.243331
1823,32.199396,34.092929
1824,25.179969,28.697096
1825,35.556542,28.227206
1826,31.826561,31.244751
1827,27.434998,23.676080
1828,30.991611,31.417962
1829,25.252124,25.961518
1830,36.007092,32.404017
1831,31.391865,29.648222
1832,28.477051,32.269683
1833,33.400234,32.926938
1834,25.328379,29.182240
1835,32.697755,29.754064
1836,28.103118,27.333301
1837,26.846835,24.407204
1838,31.741946,30.581470
1839,35.506020,34.751359
1840,26.967909,28.159268
1841,33.992223,27.220058
1842,37.021298,36.057203
1843,32.173637,33.716385
1844,35.752145,40.999258
1845,28.316193,27.444964
1846,31.222762,30.934653
1847,25.230825,31.175125
1848,27.520665,25.154830
1849,31.621077,33.869219
1850,32.258889,29.499542
1851,26.056954,29.017191
1852,33.165980,31.635372
1853,35.349548,33.458559
1854,25.377853,26.849357
1855,28.297132,26.731165
1856,36.523412,33.695954
1857,41.151117,34.301608
1858,32.581757,31.032763
1859,35.045852,35.734642
1860,30.929030,27.625928
1861,28.410708,28.025255
1862,26.951354,30.015421
1863,20.514400,27.305378
1864,31.472084,33.318089
1865,23.816374,26.564782
1866,27.012504,32.349590
1867,24.804544,23.865921
1868,31.586445,27.567715
1869,37.281586,34.135305
1870,39.105516,34.288975
1871,30.507338,28.752445
1872,21.482621,29.592018
1873,23.460193,27.825932
1874,37.769261,30.361658
1875,29.184884,30.605226
1876,32.142034,35.757355
1877,33.947653,31.459600
1878,26.965086,29.036161
1879,28.309121,26.776522
1880,24.929787,25.631613
1881,27.940948,30.131199
1882,32.393923,28.347045
1883,33.840802,27.745072
1884,29.710292,28.048723
1885,24.992052,24.537222
1886,30.718889,28.858223
1887,31.504238,28.565765
1888,28.553421,28.323850
1889,26.991766,25.924579
1890,33.706207,26.203180
1891,31.183300,29.142655
1892,31.495358,28.554523
1893,39.417892,34.107755
1894,30.244287,33.042057
1895,28.979841,26.537402
1896,28.609156,31.832139
1897,31.062466,29.019435
1898,37.902916,35.447454
1899,27.782587,25.419074
1900,36.499950,30.714242
1901,25.898687,25.136444
1902,30.829380,29.639291
1903,26.229077,29.093340
1904,34.965379,32.960462
1905,31.610184,30.248089
1906,27.899023,32.753604
1907,32.842273,30.174454
1908,24.496228,27.426780
1909,28.901537,32.318457
1910,28.588566,27.761191
1911,25.986335,25.586581
1912,27.083228,30.633981
1913,30.817304,29.778154
1914,26.191983,29.235717
1915,33.448341,27.813534
1916,23.358347,31.900925
1917,25.620179,26.946918
1918,29.859006,33.129997
1919,25.828140,27.186585
1920,30.506082,34.151724
1921,30.793019,31.902498
1922,30.824734,27.672426
1923,28.990968,31.482765
1924,34.270783,27.633859
1925,30.627164,30.654163
1926,34.395598,34.008337
1927,31.410431,27.931839
1928,23.732128,25.820528
1929,31.668913,26.751410
1930,24.333059,24.353735
1931,36.901458,29.025007
1932,33.182533,26.994556
1933,30.110602,36.256674
1934,21.413619,22.579218
1935,26.516643,29.461758
1936,29.185858,27.697556
1937,32.636290,28.152272
1938,28.694092,25.941710
1939,25.154088,30.119076
1940,28.321793,31.862454
1941,33.092470,33.161411
1942,34.392885,33.623984
1943,29.889934,27.608727
1944,30.556537,26.798032
1945,32.729184,30.535813
1946,41.487672,30.397018
1947,32.914604,32.114453
1948,24.209532,27.811869
1949,28.233054,32.446491
1950,29.278742,26.759089
1951,34.131724,30.909712
1952,28.753962,33.688810
1953,23.067996,26.407639
1954,27.286574,30.798631
1955,29.482797,31.311485
1956,32.604490,30.967695
1957,31.016516,28.999849
1958,27.516789,26.326282
1959,26.796393,27.924559
1960,32.285215,26.125548
1961,30.846217,32.462032
1962,28.173902,26.271637
1963,28.863259,28.639226
1964,33.632350,30.423524
1965,31.601065,31.277463
1966,28.324505,27.699413
1967,38.008790,36.006382
1968,30.823309,33.093190
1969,26.525185,30.456523
1970,26.666803,25.950455
1971,28.705433,31.325191
1972,32.613205,31.259534
1973,38.954514,34.647147
1974,33.423524,29.600513
1975,33.125452,30.845343
1976,34.677826,32.870989
1977,37.474848,36.027096
1978,33.850794,26.228705
1979,33.520591,31.639000
1980,38.161260,34.530218
1981,24.949153,26.530850
1982,27.555711,28.209476
1983,32.557629,33.028846
1984,31.223047,27.310558
1985,34.349706,29.769641
1986,25.775573,30.169413
1987,31.472245,30.221830
1988,32.705212,33.532910
1989,27.770031,30.573566
1990,31.837744,32.390973
1991,39.324030,35.340030
1992,37.483270,30.181246
1993,29.692474,27.842767
1994,23.559911,29.115191
1995,30.848551,34.126421
1996,24.951976,26.934366
1997,20.506769,26.747380
1998,28.396240,30.264365
1999,25.012675,26.547910
2000,63.134820,67.314349
2001,68.255088,71.527402
2002,71.492886,71.619925
2003,66.139365,70.392860
2004,66.257152,68.639961
2005,67.606890,69.516713
2006,67.511521,65.887815
2007,60.009967,65.318105
2008,59.574131,62.771553
2009,64.832198,68.055119
2010,71.441861,67.312869
2011,74.073374,73.461320
2012,65.713371,66.298831
2013,70.286552,65.760092
2014,70.396627,76.034565
2015,76.053130,73.327177
2016,65.861284,70.476368
2017,78.074294,73.477046
2018,67.329319,69.573521
2019,80.411490,75.720350
2020,74.514789,66.979482
2021,70.057822,70.555112
2022,76.711810,70.948987
2023,68.607184,72.975042
2024,72.482488,67.313070
2025,79.119819,73.202752
2026,71.250282,72.328082
2027,65.907540,67.495528
2028,85.997629,79.809839
2029,76.511210,70.513740
2030,79.689295,74.736684
2031,72.021380,72.587138
2032,70.287842,66.154343
2033,71.705819,66.504354
2034,70.025099,73.856021
2035,71.808377,68.903836
2036,80.774622,77.057234
2037,74.052292,73.668519
2038,72.176075,67.562954
2039,69.621656,73.977793
2040,68.085984,59.497447
2041,63.525586,65.475217
2042,79.217187,81.111124
2043,67.104046,69.503818
2044,64.634243,68.139227
2045,72.929704,70.507929
2046,60.010773,62.158774
2047,68.672691,70.233988
2048,73.067916,66.806693
2049,72.314537,69.915581
2050,78.679455,76.300847
2051,78.229245,74.028260
2052,81.572880,78.423933
2053,63.032128,65.933152
2054,69.161840,71.618974
2055,61.770689,69.595722
2056,68.235006,67.626003
2057,71.433164,70.606504
2058,72.781581,70.061010
2059,69.996007,69.469402
2060,68.779956,67.168322
2061,75.305747,72.839366
2062,64.024031,66.717752
2063,68.955014,68.649989
2064,69.055886,68.444767
2065,73.787531,71.673674
2066,61.908066,65.457111
2067,73.496585,69.697046
2068,68.939829,66.992079
2069,64.834154,69.907371
2070,58.878589,59.222411
2071,62.983573,65.216133
2072,80.060456,78.518087
2073,62.683214,71.725081
2074,68.105616,66.808645
2075,77.987937,75.697576
2076,65.362908,69.285980
2077,68.974583,66.761043
2078,66.251224,65.712854
2079,70.540465,74.194734
2080,71.302896,68.908444
2081,70.243540,71.317020
2082,67.980670,63.386501
2083,68.540194,72.054759
2084,78.754105,75.737624
2085,78.214312,79.681187
2086,74.629144,69.116605
2087,62.700373,62.337161
2088,71.846216,67.898511
2089,74.282456,71.719680
2090,71.383843,67.407657
2091,74.811632,70.500390
2092,68.544609,66.187422
2093,71.557638,71.666652
2094,61.973008,63.146012
2095,70.661352,67.878477
2096,73.075881,69.702596
2097,66.791001,67.213666
2098,68.484927,74.620824
2099,58.705817,64.383779
2100,70.725507,69.712827
2101,63.739024,63.570917
2102,65.952958,70.518993
2103,81.762055,84.267129
2104,78.726870,70.796389
2105,76.406968,74.019537
2106,72.385078,72.402307
2107,62.741353,62.220323
2108,69.625619,70.649391
2109,61.077388,67.258901
2110,74.773104,73.594451
2111,69.073120,65.559383
2112,63.623275,63.103259
2113,69.627051,73.105315
2114,64.913529,68.063503
2115,66.464889,64.786006
2116,74.379231,70.943573
2117,67.587184,68.724679
2118,78.966877,78.895968
2119,77.322905,75.816448
2120,70.244223,71.914188
2121,79.292342,73.168418
2122,90.374421,83.573995
2123,71.675098,64.554725
2124,65.159828,64.041916
2125,66.693346,66.168268
2126,62.353340,66.278071
2127,68.673245,65.185719
2128,76.048086,71.148119
2129,76.803769,76.627793
2130,65.296422,70.262546
2131,71.761838,68.130308
2132,78.523045,75.951744
2133,63.972098,66.901273
2134,63.579497,69.043457
2135,64.162362,62.706855
2136,74.147299,70.110156
2137,73.367707,67.834850
2138,70.895751,74.560427
2139,68.859343,70.271299
2140,55.137728,65.896183
2141,66.823815,71.884078
2142,61.448689,65.427914
2143,67.355860,68.204601
2144,71.057541,73.402512
2145,61.979967,67.672532
2146,78.075174,66.971265
2147,78.836357,71.871739
2148,77.062835,79.947270
2149,76.094296,76.716229
2150,60.122087,60.958034
2151,71.960806,71.860303
2152,72.976447,65.927881
2153,75.330536,78.274787
2154,69.703178,72.252759
2155,68.291055,63.612236
2156,67.748625,69.187921
2157,68.080250,71.076653
2158,68.696466,77.537364
2159,67.574139,65.891131
2160,70.870244,71.953409
2161,74.852208,68.659577
2162,66.848741,68.230201
2163,64.769647,61.971169
2164,73.345254,71.327781
2165,67.917239,73.172010
2166,68.479337,78.008504
2167,73.297310,72.124588
2168,68.358684,71.228755
2169,75.528912,74.680916
2170,71.723315,72.089609
2171,75.191163,74.465925
2172,63.203913,63.903062
2173,76.781946,79.429787
2174,69.332775,67.752796
2175,61.505639,64.719849
2176,77.648038,72.109558
2177,66.100137,64.458832
2178,68.983130,72.018743
2179,76.019462,74.722537
2180,65.952731,65.114292
2181,69.874751,73.735165
2182,76.966296,76.974107
2183,70.587679,66.920166
2184,70.188141,68.305618
2185,75.658249,74.503019
2186,72.356158,65.805282
2187,71.172471,67.277071
2188,80.137080,78.912303
2189,73.539413,68.119758
2190,68.311460,68.902255
2191,69.774875,71.806502
2192,76.840197,72.695358
2193,75.618935,69.679228
2194,70.151843,67.944884
2195,65.288229,70.322937
2196,71.430523,71.155006
2197,72.797184,71.473170
2198,77.401263,73.938114
2199,75.397938,75.993114
2200,77.087725,77.568858
2201,67.724844,68.288024
2202,62.763745,64.152470
2203,68.884438,67.821187
2204,75.884678,74.365486
2205,70.834693,71.247206
2206,69.516519,72.560192
2207,65.734901,66.555716
2208,70.216544,67.557357
2209,70.497313,67.292094
2210,69.532546,68.195907
2211,70.854009,69.147716
2212,71.373538,73.352189
2213,64.281803,66.680926
2214,63.354570,68.545746
2215,72.410682,71.032033
2216,68.887981,69.070193
2217,76.598917,71.538797
2218,71.664289,70.375917
2219,75.370796,71.036868
2220,71.619049,70.727608
2221,68.993824,74.733871
2222,57.992720,63.798135
2223,70.214484,71.391307
2224,71.992821,73.249468
2225,76.760963,75.092003
2226,71.531059,70.306560
2227,65.769670,68.222856
2228,63.038733,62.607108
2229,68.138664,69.923400
2230,60.869107,63.542855
2231,63.976057,66.520935
2232,78.846324,72.762484
2233,73.279666,73.015203
2234,76.561338,67.441422
2235,65.773890,68.329047
2236,65.391567,62.600511
2237,70.494617,72.961275
2238,74.076852,73.531041
2239,62.885158,69.524779
2240,73.602530,78.581510
2241,65.973816,66.573586
2242,61.709816,65.956370
2243,75.498085,74.471996
2244,67.408573,75.331627
2245,67.706258,72.250197
2246,67.086089,64.936695
2247,71.836011,67.598346
2248,64.457111,65.586972
2249,79.229920,69.126020
2250,87.536465,83.005634
2251,65.145843,62.412449
2252,75.424604,71.416040
2253,64.686255,61.406496
2254,77.954442,70.199704
2255,66.383859,69.754791
2256,67.493833,69.815435
2257,61.245990,67.414987
2258,75.076065,73.791091
2259,70.307193,71.125456
2260,70.122094,68.817096
2261,78.000115,73.055919
2262,63.183701,68.221562
2263,66.980282,71.916573
2264,60.366636,61.589455
2265,77.164430,75.923855
2266,68.130454,67.714371
2267,77.969326,76.601521
2268,67.936354,71.625462
2269,68.245641,67.795698
2270,65.904509,67.102106
2271,69.724339,71.245236
2272,71.102276,76.136288
2273,62.917243,69.603414
2274,74.019299,77.368771
2275,61.664736,61.322481
2276,76.091110,73.225394
2277,73.635609,72.267455
2278,69.867950,65.617475
2279,68.689777,68.797872
2280,72.109162,75.069252
2281,73.996676,76.367852
2282,75.104440,72.735078
2283,69.964761,66.443226
2284,64.821673,70.287006
2285,64.369148,69.182361
2286,66.008705,65.864661
2287,67.200694,64.987615
2288,67.182396,67.572767
2289,65.507453,68.212301
2290,61.693105,67.651351
2291,74.496618,74.887069
2292,72.440356,66.088505
2293,72.131035,68.072162
2294,73.543449,72.138558
2295,76.368115,72.824566
2296,65.532479,70.472116
2297,78.988087,78.392908
2298,74.459556,71.935230
2299,74.034814,71.152168
2300,62.463364,60.609047
2301,61.529551,61.612883
2302,73.035395,70.986245
2303,66.526695,68.802146
2304,64.026625,64.499973
2305,61.201824,68.166254
2306,68.714576,70.186842
2307,75.692670,76.097267
2308,71.078146,68.209023
2309,58.871459,65.424698
2310,75.240513,74.390841
2311,68.329508,77.789347
2312,56.499560,65.478012
2313,80.867010,79.390254
2314,70.943104,68.450155
2315,71.526058,75.646034
2316,68.778976,70.456665
2317,76.610145,73.134542
2318,74.180430,72.634296
2319,72.783497,71.605684
2320,69.292925,71.904012
2321,72.639384,72.415556
2322,61.704560,61.601958
2323,72.667401,70.330291
2324,84.169462,80.422355
2325,66.504331,64.324945
2326,79.383342,77.256899
2327,76.303287,71.655332
2328,71.598971,75.351416
2329,75.950930,70.303794
2330,72.109560,65.743679
2331,68.971015,71.173537
2332,66.278407,69.051283
2333,71.322875,70.608553
2334,71.100920,69.327972
2335,75.582585,71.888578
2336,73.358982,69.995174
2337,72.256412,70.964873
2338,70.619740,73.514239
2339,69.778447,73.803283
2340,64.168789,68.924595
2341,68.351100,64.081478
2342,70.351995,69.509669
2343,70.301902,67.198884
2344,76.401670,73.710256
2345,76.021468,74.730201
2346,71.727004,70.678748
2347,63.351267,69.706700
2348,65.894136,71.964666
2349,68.886002,69.895058
2350,77.278533,78.245264
2351,71.288999,68.094974
2352,69.993331,71.667386
2353,71.032687,71.325969
2354,70.743483,73.670649
2355,72.662432,70.238856
2356,72.467278,72.155866
2357,68.073618,71.371452
2358,58.823946,63.668417
2359,71.411608,72.356075
2360,65.301045,73.308357
2361,70.127374,74.394110
2362,72.379356,71.462584
2363,72.625918,77.735671
2364,72.287786,67.906439
2365,75.452845,74.472169
2366,68.822370,66.863728
2367,74.181994,70.186881
2368,66.670602,66.630945
2369,68.996894,70.654506
2370,65.984165,60.966270
2371,74.711132,69.130039
2372,64.533704,66.364320
2373,69.350444,68.600866
2374,82.978903,77.317406
2375,73.352136,77.997635
2376,74.067706,73.149324
2377,68.117767,70.572163
2378,67.942424,71.919222
2379,83.817966,79.384286
2380,72.266440,70.265121
2381,81.398966,68.306111
2382,82.809660,77.004577
2383,65.002815,64.503063
2384,71.872011,74.405197
2385,75.599650,66.191165
2386,70.034758,64.643443
2387,74.821263,74.293111
2388,62.214803,63.691501
2389,62.899108,67.423620
2390,74.829463,71.972664
2391,62.769347,70.176359
2392,66.038204,69.820482
2393,68.109211,67.703177
2394,64.089682,63.121664
2395,66.670360,69.684910
2396,75.805481,73.632370
2397,81.797093,74.389547
2398,64.082239,65.542007
2399,64.884815,63.755642
2400,68.285806,72.333008
2401,64.476344,61.525121
2402,78.184399,71.206807
2403,71.914574,71.933441
2404,72.510146,68.825959
2405,68.487285,73.611415
2406,67.551795,69.353016
2407,71.309651,69.497230
2408,69.888939,69.054347
2409,66.505379,68.710390
2410,74.478794,76.610321
2411,66.312686,69.437632
2412,71.174984,69.663636
2413,70.927949,72.486947
2414,69.110869,68.879904
2415,70.728008,74.291774
2416,67.593904,65.997892
2417,77.685245,74.733810
2418,74.302593,75.449648
2419,74.563707,77.246884
2420,71.585955,73.926280
2421,75.383806,73.933984
2422,72.890872,64.587035
2423,76.787684,72.628921
2424,67.451956,66.119414
2425,69.344548,67.696048
2426,77.231622,81.682071
2427,69.889644,73.210282
2428,71.196892,75.887970
2429,77.182514,74.550474
2430,77.776021,74.918199
2431,64.443022,69.328202
2432,74.113306,71.965185
2433,75.189338,75.836405
2434,74.492072,73.556493
2435,77.268017,73.498227
2436,64.360513,68.012294
2437,71.927722,69.534267
2438,73.100257,76.707958
2439,69.829731,76.230751
2440,62.590233,63.469747
2441,74.503091,66.407740
2442,67.233292,66.322712
2443,76.179248,72.278599
2444,58.028372,62.028614
2445,79.020996,75.662649
2446,69.458747,69.714874
2447,71.855709,75.061806
2448,71.958198,70.610038
2449,69.554042,71.340488
2450,71.331555,70.965999
2451,75.496537,68.326398
2452,53.710915,65.072574
2453,68.261259,66.362310
2454,66.720508,72.654840
2455,70.691001,68.035268
2456,65.261479,63.507487
2457,67.332919,66.625247
2458,78.733399,71.362610
2459,65.434867,67.669148
2460,62.589474,58.422122
2461,64.178988,71.127347
2462,62.344844,72.378685
2463,74.889418,72.930865
2464,76.031006,72.524991
2465,75.447743,80.363853
2466,76.515246,68.614748
2467,67.015760,68.949025
2468,73.024171,74.511507
2469,79.034069,77.138714
2470,67.958950,68.476972
2471,68.383060,69.878158
2472,64.111088,66.592521
2473,65.217965,67.658615
2474,60.703184,65.231437
2475,70.348062,69.875622
2476,72.175076,67.097669
2477,74.848731,72.632109
2478,72.272700,77.012056
2479,54.899171,65.309777
2480,76.625725,74.912506
2481,67.614800,70.622827
2482,70.626070,70.601139
2483,72.796914,70.214589
2484,64.460797,68.781547
2485,61.941357,66.508781
2486,71.382043,68.677264
2487,68.254118,66.389559
2488,74.182241,73.187270
2489,59.300998,60.465916
2490,67.503635,65.670529
2491,71.635308,71.214014
2492,66.849337,72.536360
2493,72.353525,70.469141
2494,67.543284,69.542773
2495,71.616929,72.235154
2496,71.092155,71.788883
2497,69.401979,75.546954
2498,73.952850,72.065686
2499,61.496599,70.833886
2500,65.795623,68.393494
2501,75.154937,69.482573
2502,62.645686,63.470866
2503,70.895626,69.332864
2504,80.257105,72.499652
2505,74.395543,74.130817
2506,66.119509,71.548689
2507,72.041523,70.297690
2508,63.797750,64.686450
2509,69.930894,64.163868
2510,69.515556,72.814519
2511,72.835191,72.174646
2512,63.023522,62.733194
2513,69.012595,70.410259
2514,72.291635,75.191731
2515,80.442571,71.225831
2516,65.141257,66.605115
2517,69.992454,71.300056
2518,73.063203,75.898656
2519,64.948713,65.801946
2520,65.922905,60.286952
2521,64.698042,70.174176
2522,67.637553,77.694807
2523,82.442045,69.210840
2524,68.745914,70.068913
2525,67.692800,69.785602
2526,64.616692,59.845795
2527,61.671597,66.021684
2528,67.490771,70.131736
2529,67.942111,68.884697
2530,68.772525,66.102086
2531,75.577633,71.731982
2532,69.589381,70.803953
2533,76.060767,71.927789
2534,76.529150,71.881947
2535,74.940613,72.034006
2536,80.853169,80.017894
2537,75.690380,76.244616
2538,79.939216,72.344442
2539,69.003565,70.014821
2540,69.944393,70.706756
2541,69.392681,68.564300
2542,66.714706,68.346540
2543,68.748876,68.100574
2544,58.989479,62.887300
2545,66.195039,71.231849
2546,68.554429,68.363421
2547,83.226645,76.176720
2548,69.340752,67.318969
2549,67.285377,68.087868
2550,63.352043,71.349111
2551,65.159238,66.977504
2552,72.076572,66.317416
2553,69.701757,69.696817
2554,69.625768,69.548039
2555,67.774745,67.699861
2556,71.068041,71.533157
2557,71.156763,74.679297
2558,63.315971,67.639066
2559,66.068055,61.596346
2560,66.592926,68.382293
2561,83.862747,77.472916
2562,58.170984,60.477016
2563,67.785555,70.496972
2564,67.519456,66.072046
2565,58.799222,60.178271
2566,60.019785,64.099515
2567,68.842388,67.580722
2568,70.467443,68.276686
2569,64.812891,73.637558
2570,72.142601,68.385219
2571,75.962234,76.959603
2572,82.944415,77.695898
2573,68.320800,68.241759
2574,70.838220,68.000020
2575,72.221791,72.854870
2576,61.955646,66.267663
2577,65.349489,62.392118
2578,74.146924,72.167438
2579,74.422827,74.115246
2580,75.328165,78.254109
2581,78.529952,70.752681
2582,69.875145,74.398756
2583,80.952446,80.582935
2584,59.560318,63.046892
2585,57.499631,64.947022
2586,77.970464,75.906662
2587,73.170340,74.235299
2588,68.540159,67.980862
2589,63.628198,61.913212
2590,62.217050,63.213817
2591,78.537657,71.544308
2592,78.636687,71.254083
2593,76.357792,75.669275
2594,83.495302,75.961461
2595,73.805386,72.999899
2596,63.940184,67.836098
2597,66.716897,67.940250
2598,74.017217,70.554055
2599,59.927054,64.098874
2600,80.807191,76.063707
2601,61.046581,69.512671
2602,72.159628,75.975315
2603,74.818892,74.359943
2604,70.892291,71.483926
2605,73.678017,70.139556
2606,69.676818,73.420913
2607,71.259953,66.669809
2608,68.738003,68.665969
2609,67.054985,70.336482
2610,60.746693,64.198484
2611,68.482857,66.302693
2612,58.206253,67.296891
2613,67.773329,63.393545
2614,69.310311,66.355588
2615,71.472441,70.837868
2616,70.065037,72.630817
2617,69.832759,68.180748
2618,88.081586,80.854455
2619,71.909458,72.768034
2620,70.383347,66.736340
2621,69.703555,66.509802
2622,66.574924,65.824327
2623,66.576832,67.538648
2624,55.570615,62.151858
2625,69.723952,68.422789
2626,70.018841,71.663177
2627,65.638639,67.405746
2628,70.956518,68.147751
2629,77.056675,71.615537
2630,64.726575,64.085865
2631,68.088392,67.520968
2632,65.233085,71.880753
2633,68.195935,69.410259
2634,66.181146,66.842576
2635,60.830935,61.029190
2636,65.156627,68.699975
2637,63.405995,63.197470
2638,74.353135,75.463599
2639,66.374707,64.015093
2640,75.142142,71.884258
2641,67.597316,66.132400
2642,70.496509,68.312415
2643,74.342920,70.709531
2644,61.084453,62.090279
2645,79.028293,68.307623
2646,82.053709,77.240970
2647,73.090803,71.365136
2648,65.845503,68.230144
2649,63.446490,69.270494
2650,69.219190,67.856655
2651,71.091485,72.408521
2652,73.233372,67.887452
2653,61.178336,69.776808
2654,72.912225,72.563889
2655,70.827112,70.308629
2656,74.898018,76.579827
2657,61.442255,67.221447
2658,66.254830,70.003811
2659,63.080238,65.703359
2660,67.549901,70.688368
2661,77.826858,75.924240
2662,68.527020,66.440364
2663,78.088675,69.584923
2664,68.470059,69.072004
2665,73.298363,74.711483
2666,67.999503,70.533137
2667,75.968954,70.443044
2668,73.324988,70.963714
2669,66.982226,64.978789
2670,66.611029,72.562199
2671,60.072729,62.540088
2672,63.219659,66.737689
2673,65.003842,70.968474
2674,74.431276,73.246906
2675,62.837384,64.101418
2676,75.672310,76.184809
2677,69.398440,68.419361
2678,54.053076,65.342387
2679,70.185425,70.657991
2680,63.694358,64.772466
2681,69.577851,69.569971
2682,69.290688,74.542534
2683,64.919331,65.923377
2684,67.440185,66.656698
2685,74.305560,71.597259
2686,76.844395,77.275389
2687,75.585206,71.328045
2688,58.343534,61.616303
2689,51.443859,56.639026
2690,74.338578,68.036541
2691,68.701827,70.758143
2692,76.029437,75.929811
2693,72.661421,74.212992
2694,67.673558,76.257204
2695,67.746852,69.882379
2696,69.691468,67.712216
2697,68.308823,64.804563
2698,76.070444,73.449227
2699,58.120103,64.722969
2700,73.427516,74.813036
2701,80.207374,77.751519
2702,72.715003,72.739637
2703,73.070795,75.097889
2704,65.203318,65.153594
2705,68.634505,70.201040
2706,56.905816,60.407896
2707,63.479129,60.872697
2708,87.232207,84.039110
2709,80.116521,77.328594
2710,65.682514,69.970637
2711,68.987309,69.356800
2712,75.073422,75.688078
2713,65.521220,62.172387
2714,71.415460,73.716930
2715,61.949191,63.139829
2716,70.553025,69.718269
2717,67.414069,65.933800
2718,70.744730,72.763900
2719,71.712195,74.288140
2720,64.905522,70.936899
2721,67.289954,63.104826
2722,66.804947,67.011176
2723,75.462675,69.539259
2724,76.241883,77.154500
2725,64.657301,69.354316
2726,79.864830,78.141679
2727,57.718063,61.701335
2728,72.107164,72.009717
2729,68.901247,66.912948
2730,65.122493,65.801276
2731,76.484140,72.274656
2732,72.098168,64.659953
2733,62.874624,67.334815
2734,72.476220,70.057471
2735,77.798183,76.752908
2736,56.783086,63.267119
2737,65.715750,65.894021
2738,73.398065,75.059462
2739,71.655879,67.850512
2740,56.814570,61.091561
2741,65.599328,61.908941
2742,74.378948,72.588391
2743,72.315121,70.026738
2744,63.879122,69.798611
2745,60.313732,64.518423
2746,69.264491,64.447286
2747,71.208779,76.892055
2748,64.224455,69.312621
2749,69.213409,69.547242
2750,73.459125,70.134028
2751,73.415559,69.700074
2752,70.479501,66.176509
2753,65.767695,65.094363
2754,69.093416,73.521626
2755,71.436504,72.510630
2756,61.859479,70.993410
2757,71.439928,71.169797
2758,70.666949,71.523716
2759,69.124857,68.911863
2760,74.995350,74.353888
2761,66.214105,67.989962
2762,66.795246,67.522580
2763,75.836757,74.782856
2764,74.439316,71.612406
2765,74.529287,72.899712
2766,70.045960,69.266406
2767,70.923113,70.306942
2768,73.095630,70.182695
2769,76.938192,72.820963
2770,66.187199,59.668856
2771,70.231306,66.760647
2772,58.309368,62.742523
2773,68.402924,68.790366
2774,77.115745,72.135791
2775,76.590071,74.927444
2776,66.787239,68.054110
2777,72.642652,73.995973
2778,69.159617,71.219707
2779,62.300899,67.220652
2780,69.433168,67.843852
2781,71.714215,69.306253
2782,78.269232,69.036487
2783,62.455246,68.376064
2784,84.782419,78.339371
2785,66.794714,64.152398
2786,72.947665,73.087151
2787,72.457768,75.710656
2788,65.394421,68.014296
2789,67.410698,69.455640
2790,63.580646,69.424464
2791,70.892199,70.529236
2792,61.074944,61.781775
2793,72.432243,70.396477
2794,62.460045,65.933214
2795,73.574096,69.245447
2796,72.202185,70.065231
2797,69.279078,70.395273
2798,75.596647,74.764369
2799,65.866070,64.850051
2800,74.268897,73.874568
2801,64.664676,72.409549
2802,74.857421,73.527541
2803,70.829275,68.537131
2804,63.787768,71.149479
2805,71.281576,72.743135
2806,63.630746,65.991483
2807,67.681549,72.352148
2808,70.912625,72.298422
2809,68.277826,68.037183
2810,70.504990,76.349862
2811,70.337293,68.618952
2812,67.950214,65.565832
2813,80.760934,77.878365
2814,65.054471,64.237806
2815,68.371266,63.168245
2816,75.248426,75.232937
2817,71.400733,71.879131
2818,77.465119,75.174014
2819,70.066882,70.254510
2820,74.198666,64.670593
2821,74.239798,70.384516
2822,78.494540,75.177441
2823,62.163021,66.369931
2824,72.785834,70.125706
2825,78.360851,70.308339
2826,71.352991,67.302047
2827,77.447387,68.888627
2828,69.082316,70.665891
2829,77.621485,78.226217
2830,79.994559,73.478765
2831,64.651775,63.520475
2832,67.664276,66.967340
2833,64.890893,63.972021
2834,72.570461,74.259389
2835,79.314410,80.124704
2836,73.803372,68.616429
2837,68.604466,65.181126
2838,72.454318,68.259166
2839,73.225639,74.131124
2840,68.952529,69.121471
2841,75.676733,70.811858
2842,78.779359,82.686972
2843,68.533742,64.005893
2844,72.080928,68.289316
2845,70.963859,67.914487
2846,63.995055,64.191799
2847,74.465417,64.346409
2848,74.018601,69.270863
2849,74.539469,73.278792
2850,74.982458,72.526083
2851,65.835487,69.084046
2852,75.976723,73.869051
2853,66.413942,71.237796
2854,73.498721,72.812307
2855,77.839337,75.086947
2856,73.189442,72.195067
2857,66.085377,62.953920
2858,76.382775,74.847808
2859,68.636144,63.748569
2860,65.508635,62.578762
2861,76.712181,71.500303
2862,70.137836,70.448268
2863,62.218050,66.636606
2864,77.341588,77.056901
2865,63.346691,69.802572
2866,57.581413,61.519895
2867,56.352680,62.604975
2868,72.818452,68.090390
2869,65.261441,67.476356
2870,59.539496,63.933458
2871,74.844630,74.105997
2872,69.378044,69.092146
2873,72.543691,69.731036
2874,64.740556,68.519425
2875,77.520492,73.546895
2876,60.626532,64.203516
2877,68.307978,69.716546
2878,74.041194,68.680706
2879,70.648498,65.846303
2880,76.549267,73.379765
2881,79.774372,83.736539
2882,62.642972,62.963354
2883,60.356128,66.451008
2884,70.003674,66.325866
2885,68.809698,77.578481
2886,73.291062,66.700869
2887,65.225435,64.522298
2888,66.428618,67.096093
2889,73.953428,74.869208
2890,75.376578,72.883623
2891,72.694849,71.325181
2892,58.222740,62.170029
2893,70.340990,67.250687
2894,69.028131,68.409428
2895,70.616926,70.964684
2896,73.077012,66.839557
2897,55.670784,65.023598
2898,71.989520,72.834846
2899,74.839785,76.969843
2900,65.313328,64.774248
2901,62.434061,62.651813
2902,75.294739,73.987967
2903,71.311945,66.274689
2904,56.401960,56.408647
2905,75.523248,74.786113
2906,75.374211,68.706805
2907,78.029029,76.522688
2908,70.027534,74.885896
2909,72.014083,70.400514
2910,70.728383,70.253978
2911,61.569685,59.246519
2912,73.561271,70.863272
2913,67.278457,66.200420
2914,61.893711,66.135894
2915,69.201428,73.220275
2916,69.454048,65.011571
2917,57.202003,63.973409
2918,76.798998,76.597701
2919,81.463650,77.307924
2920,75.022852,70.271078
2921,66.504253,65.927900
2922,66.141359,68.005683
2923,67.490124,68.778372
2924,77.066755,77.139124
2925,88.612525,81.260245
2926,77.300145,75.049599
2927,71.305103,73.605227
2928,76.030811,72.108531
2929,74.001277,76.665423
2930,74.758784,78.873939
2931,70.857100,74.971399
2932,76.493293,70.797817
2933,58.007542,62.216875
2934,69.081924,69.611007
2935,62.615410,70.353456
2936,60.321610,63.029461
2937,65.599753,72.041066
2938,64.575583,68.240456
2939,81.895025,73.901492
2940,70.178768,75.950332
2941,60.578168,63.628250
2942,72.235749,72.710147
2943,67.481178,64.960497
2944,77.527219,73.996604
2945,76.184441,76.071636
2946,67.817305,68.755481
2947,65.510600,64.576004
2948,66.792547,62.028876
2949,69.415158,70.835782
2950,63.233830,65.869129
2951,73.356572,69.961332
2952,74.534874,73.353448
2953,71.829159,71.869486
2954,61.096741,67.743954
2955,72.621211,70.028780
2956,66.304828,61.142177
2957,71.513680,75.038481
2958,62.469932,74.701557
2959,69.903161,70.385042
2960,78.349399,76.730145
2961,72.650878,72.394156
2962,67.980687,74.441098
2963,76.584154,74.557235
2964,69.388618,62.124998
2965,68.596286,65.239294
2966,73.475350,73.255107
2967,83.018002,76.199801
2968,73.538641,66.824149
2969,67.872987,70.964599
2970,68.082338,69.211642
2971,70.175032,69.090479
2972,61.454945,65.544459
2973,73.365112,75.539947
2974,69.569304,70.585536
2975,63.264821,65.808616
2976,56.594710,63.430011
2977,71.836575,73.466155
2978,68.246863,65.907265
2979,74.621837,70.630405
2980,65.213386,65.011251
2981,68.189227,71.403251
2982,73.315448,74.727587
2983,76.826692,69.949650
2984,60.328358,62.997493
2985,66.116749,67.875840
2986,67.895235,71.190637
2987,73.768724,77.091702
2988,71.532511,66.504070
2989,65.450074,77.344832
2990,77.406479,74.678695
2991,65.467917,65.936511
2992,70.394471,69.621615
2993,76.796647,78.443165
2994,74.990756,71.991299
2995,74.715400,71.444231
2996,68.227410,71.838783
2997,77.085633,71.576038
2998,70.506660,67.973870
2999,75.170663,69.929460
